pdb_id,protein_chain,residue_type,residue_index,dna_chain,dna_base_type,dna_base_index,is_contact
1PVR,A,LYS,43,D,DT,10,True
1PVR,A,LYS,43,D,DG,9,True
1PVR,A,MET,44,D,DT,10,True
1PVR,A,SER,47,D,DT,10,True
1PVR,A,SER,47,D,DG,9,True
1PVR,A,ARG,50,D,DT,10,True
1PVR,A,ARG,50,D,DG,9,True
1PVR,A,ARG,81,D,DA,11,True
1PVR,A,GLY,82,D,DT,12,True
1PVR,A,LEU,83,D,DT,12,True
1PVR,A,LEU,83,D,DA,11,True
1PVR,A,ALA,84,D,DT,12,True
1PVR,A,LYS,86,D,DT,12,True
1PVR,A,LYS,86,D,DA,13,True
1PVR,A,THR,87,D,DT,12,True
1PVR,A,GLN,90,D,DT,12,True
1PVR,A,HIS,91,D,DA,11,True
1PVR,A,ARG,130,D,DA,13,True
1PVR,A,ALA,131,D,DA,13,True
1PVR,A,LYS,132,D,DT,12,True
1PVR,A,LYS,132,D,DA,13,True
1PVR,A,GLN,133,D,DA,13,True
1PVR,A,GLN,156,D,DC,5,True
1PVR,A,GLN,156,D,DA,4,True
1PVR,A,ARG,159,D,DC,5,True
1PVR,A,ARG,173,D,DC,15,True
1PVR,A,ARG,173,D,DA,16,True
1PVR,A,LYS,201,D,DT,17,True
1PVR,A,THR,202,D,DT,17,True
1PVR,A,LEU,203,D,DT,17,True
1PVR,A,VAL,204,C,DA,14,True
1PVR,A,CYS,240,D,DC,5,True
1PVR,A,ARG,241,D,DC,5,True
1PVR,A,ARG,241,D,DT,6,True
1PVR,A,VAL,242,D,DC,5,True
1PVR,A,VAL,242,D,DA,4,True
1PVR,A,ARG,243,D,DA,4,True
1PVR,A,LYS,244,D,DA,4,True
1PVR,A,LYS,244,D,DA,3,True
1PVR,A,LYS,244,D,DA,1,True
1PVR,A,GLN,255,D,DT,6,True
1PVR,A,LEU,256,D,DT,6,True
1PVR,A,SER,257,D,DT,6,True
1PVR,A,SER,257,D,DT,7,True
1PVR,A,SER,259,D,DT,6,True
1PVR,A,SER,259,D,DT,7,True
1PVR,A,SER,259,D,DC,8,True
1PVR,A,ALA,260,D,DT,6,True
1PVR,A,ALA,260,D,DC,5,True
1PVR,A,ARG,282,D,DT,12,True
1PVR,A,ARG,282,D,DA,11,True
1PVR,A,TYR,283,D,DA,13,True
1PVR,A,HIS,289,D,DG,14,True
1PVR,A,ARG,292,D,DC,15,True
1PVR,A,TRP,315,D,DC,15,True
1PVR,A,THR,316,D,DA,16,True
1PVR,A,ASN,317,D,DC,15,True
1PVR,A,ASN,317,D,DA,16,True
1PVR,A,ILE,320,D,DC,15,True
1PVR,A,ILE,320,D,DG,14,True
1PVR,A,TYR,324,D,DG,14,True
1PVR,A,TYR,324,D,DC,15,True
1PVR,B,ALA,36,D,DT,22,True
1PVR,B,PHE,37,D,DT,22,True
1PVR,B,PHE,37,D,DT,21,True
1PVR,B,SER,38,D,DT,22,True
1PVR,B,GLU,39,D,DA,23,True
1PVR,B,HIS,40,D,DA,23,True
1PVR,B,HIS,40,D,DT,24,True
1PVR,B,THR,41,D,DT,22,True
1PVR,B,MET,44,C,DT,12,True
1PVR,B,ARG,81,C,DT,10,True
1PVR,B,THR,87,C,DA,11,True
1PVR,B,GLN,89,D,DA,18,True
1PVR,B,GLN,90,D,DT,21,True
1PVR,B,GLN,90,D,DT,22,True
1PVR,B,HIS,91,C,DT,12,True
1PVR,B,GLY,93,D,DT,21,True
1PVR,B,GLN,94,D,DT,21,True
1PVR,B,GLN,94,D,DT,22,True
1PVR,B,ASN,96,D,DA,20,True
1PVR,B,MET,97,D,DT,21,True
1PVR,B,ARG,100,D,DA,20,True
1PVR,B,ARG,100,D,DT,21,True
1PVR,B,ARG,101,D,DT,21,True
1PVR,B,ARG,106,D,DA,20,True
1PVR,B,ARG,106,D,DC,19,True
1PVR,B,SER,108,D,DC,19,True
1PVR,B,MET,117,D,DA,18,True
1PVR,B,ARG,118,D,DA,18,True
1PVR,B,ARG,121,D,DA,18,True
1PVR,B,GLN,133,C,DA,14,True
1PVR,B,ALA,134,D,DA,25,True
1PVR,B,ARG,154,C,DA,4,True
1PVR,B,ARG,159,C,DA,4,True
1PVR,B,ARG,173,D,DT,24,True
1PVR,B,ARG,173,D,DA,23,True
1PVR,B,ARG,173,C,DT,15,True
1PVR,B,LEU,174,D,DT,24,True
1PVR,B,LEU,174,D,DA,25,True
1PVR,B,ALA,175,D,DT,24,True
1PVR,B,ARG,199,D,DA,23,True
1PVR,B,THR,200,D,DA,23,True
1PVR,B,LYS,201,D,DA,23,True
1PVR,B,LYS,201,D,DT,22,True
1PVR,B,THR,202,C,DG,16,True
1PVR,B,ARG,243,D,DA,33,True
1PVR,B,ARG,243,D,DT,32,True
1PVR,B,LYS,244,D,DA,33,True
1PVR,B,LYS,244,C,DT,2,True
1PVR,B,ASN,245,D,DT,34,True
1PVR,B,SER,254,C,DT,6,True
1PVR,B,ASN,258,D,DT,24,True
1PVR,B,SER,259,D,DG,27,True
1PVR,B,LYS,276,D,DG,27,True
1PVR,B,LYS,276,D,DC,26,True
1PVR,B,GLN,281,D,DC,26,True
1PVR,B,ARG,282,D,DC,26,True
1PVR,B,ARG,282,D,DA,25,True
1PVR,B,TYR,283,D,DA,25,True
1PVR,B,TYR,283,D,DC,26,True
1PVR,B,LEU,284,D,DC,26,True
1PVR,B,ALA,285,D,DC,26,True
1PVR,B,TRP,286,D,DC,26,True
1PVR,B,SER,287,D,DA,25,True
1PVR,B,GLY,288,D,DA,25,True
1PVR,B,HIS,289,D,DA,25,True
1PVR,B,HIS,289,D,DT,24,True
1PVR,B,ARG,292,C,DT,15,True
1PVR,B,GLY,314,C,DG,16,True
1PVR,B,TRP,315,C,DG,16,True
1PVR,B,TRP,315,C,DT,15,True
1PVR,B,THR,316,C,DG,16,True
1PVR,B,ASN,317,C,DG,16,True
1PVR,B,ILE,320,C,DT,15,True
1PVR,B,ASN,323,C,DA,14,True
1PVR,B,TYR,324,C,DA,14,True
1PVR,B,TYR,324,C,DT,15,True
1CRX,A,ALA,36,D,DT,7,True
1CRX,A,PHE,37,D,DT,7,True
1CRX,A,PHE,37,D,DC,6,True
1CRX,A,SER,38,D,DT,7,True
1CRX,A,HIS,40,D,DA,8,True
1CRX,A,HIS,40,D,DT,7,True
1CRX,A,THR,41,D,DT,7,True
1CRX,A,LYS,43,E,DT,11,True
1CRX,A,LYS,43,E,DG,10,True
1CRX,A,LYS,43,E,DC,9,True
1CRX,A,MET,44,E,DT,11,True
1CRX,A,MET,44,D,DT,7,True
1CRX,A,SER,47,E,DT,11,True
1CRX,A,ARG,50,E,DT,11,True
1CRX,A,ARG,50,E,DG,10,True
1CRX,A,ARG,81,E,DA,12,True
1CRX,A,GLY,82,E,DT,13,True
1CRX,A,LEU,83,E,DT,13,True
1CRX,A,LEU,83,E,DA,12,True
1CRX,A,ALA,84,E,DT,13,True
1CRX,A,LYS,86,E,DT,13,True
1CRX,A,LYS,86,E,DA,14,True
1CRX,A,LYS,86,D,DG,5,True
1CRX,A,LYS,86,D,DC,6,True
1CRX,A,THR,87,E,DT,13,True
1CRX,A,GLN,89,D,DT,4,True
1CRX,A,GLN,90,E,DT,13,True
1CRX,A,GLN,90,D,DT,7,True
1CRX,A,HIS,91,E,DA,12,True
1CRX,A,GLN,94,D,DC,6,True
1CRX,A,GLN,94,D,DT,7,True
1CRX,A,MET,97,D,DC,6,True
1CRX,A,ARG,100,D,DG,5,True
1CRX,A,ARG,106,D,DG,5,True
1CRX,A,ARG,130,E,DA,14,True
1CRX,A,ALA,131,E,DA,14,True
1CRX,A,LYS,132,E,DA,14,True
1CRX,A,GLN,133,E,DA,14,True
1CRX,A,GLN,133,E,DG,15,True
1CRX,A,ALA,134,D,DA,10,True
1CRX,A,GLN,156,E,DA,5,True
1CRX,A,ARG,159,E,DC,6,True
1CRX,A,ARG,173,D,DT,9,True
1CRX,A,ARG,173,D,DA,8,True
1CRX,A,ARG,173,E,DC,16,True
1CRX,A,ILE,174,D,DT,9,True
1CRX,A,ALA,175,D,DT,9,True
1CRX,A,ALA,175,D,DA,8,True
1CRX,A,GLU,176,D,DT,9,True
1CRX,A,LYS,201,F,DT,2,True
1CRX,A,LYS,201,E,DC,16,True
1CRX,A,THR,202,F,DT,2,True
1CRX,A,THR,202,F,DA,1,True
1CRX,A,CYS,240,E,DC,6,True
1CRX,A,ARG,241,E,DC,6,True
1CRX,A,ARG,241,E,DT,7,True
1CRX,A,ARG,241,D,DT,17,True
1CRX,A,VAL,242,E,DC,6,True
1CRX,A,ARG,243,E,DA,5,True
1CRX,A,ARG,243,D,DA,18,True
1CRX,A,ARG,243,D,DT,17,True
1CRX,A,LYS,244,E,DA,5,True
1CRX,A,LYS,244,D,DT,19,True
1CRX,A,LYS,244,E,DA,4,True
1CRX,A,LYS,244,D,DA,18,True
1CRX,A,ASN,245,D,DT,19,True
1CRX,A,SER,254,E,DT,7,True
1CRX,A,GLN,255,E,DT,7,True
1CRX,A,LEU,256,E,DT,7,True
1CRX,A,SER,257,E,DT,7,True
1CRX,A,THR,258,D,DT,9,True
1CRX,A,ARG,259,E,DT,7,True
1CRX,A,ARG,259,E,DT,8,True
1CRX,A,ARG,259,E,DC,9,True
1CRX,A,ARG,259,D,DG,12,True
1CRX,A,ARG,259,D,DC,11,True
1CRX,A,ALA,260,E,DT,7,True
1CRX,A,GLU,262,D,DA,10,True
1CRX,A,GLU,262,D,DT,9,True
1CRX,A,GLU,262,D,DC,11,True
1CRX,A,GLU,266,D,DC,11,True
1CRX,A,LYS,276,D,DG,12,True
1CRX,A,GLN,281,D,DC,11,True
1CRX,A,ARG,282,D,DC,11,True
1CRX,A,ARG,282,D,DA,10,True
1CRX,A,ARG,282,E,DT,13,True
1CRX,A,ARG,282,E,DA,12,True
1CRX,A,TYR,283,D,DA,10,True
1CRX,A,TYR,283,D,DC,11,True
1CRX,A,TYR,283,E,DA,14,True
1CRX,A,LEU,284,D,DC,11,True
1CRX,A,TRP,286,D,DC,11,True
1CRX,A,SER,287,D,DA,10,True
1CRX,A,GLY,288,D,DT,9,True
1CRX,A,GLY,288,D,DA,10,True
1CRX,A,HIS,289,D,DT,9,True
1CRX,A,HIS,289,D,DA,10,True
1CRX,A,SER,290,D,DA,10,True
1CRX,A,ARG,292,E,DC,16,True
1CRX,A,TRP,315,E,DC,16,True
1CRX,A,ILE,320,E,DC,16,True
1CRX,A,ASN,323,E,DG,15,True
1CRX,A,TYR,324,E,DG,15,True
1CRX,A,TYR,324,E,DC,16,True
1CRX,B,HIS,40,F,DT,9,True
1CRX,B,MET,44,F,DA,8,True
1CRX,B,SER,47,C,DG,10,True
1CRX,B,SER,51,C,DA,12,True
1CRX,B,GLN,90,F,DA,8,True
1CRX,B,HIS,91,C,DT,13,True
1CRX,B,ARG,100,F,DC,6,True
1CRX,B,ARG,101,F,DC,6,True
1CRX,B,ARG,106,F,DT,4,True
1CRX,B,SER,108,F,DT,4,True
1CRX,B,ARG,118,F,DA,3,True
1CRX,B,ARG,118,D,DT,7,True
1CRX,B,ARG,121,F,DT,2,True
1CRX,B,LYS,122,D,DT,7,True
1CRX,B,ALA,134,C,DG,15,True
1CRX,B,ARG,154,C,DA,5,True
1CRX,B,ARG,173,C,DG,15,True
1CRX,B,ILE,174,F,DA,10,True
1CRX,B,ARG,199,F,DA,8,True
1CRX,B,THR,200,F,DA,8,True
1CRX,B,LYS,201,F,DA,8,True
1CRX,B,LYS,201,F,DT,7,True
1CRX,B,VAL,242,C,DA,5,True
1CRX,B,LYS,244,C,DT,3,True
1CRX,B,ARG,259,F,DA,13,True
1CRX,B,LYS,276,F,DC,11,True
1CRX,B,ALA,285,F,DC,11,True
1CRX,B,SER,287,F,DC,11,True
1CRX,B,TRP,315,C,DG,15,True
1CRX,B,ASN,319,F,DA,1,True
1CRX,B,ILE,320,C,DG,15,True
1CRX,B,ARG,326,C,DG,15,True
1CRX,B,ARG,326,C,DA,14,True
5YV1,F,ASP,8,H,DT,874,True
5YV1,F,ASP,8,H,DC,873,True
5YV1,F,MET,9,H,DT,874,True
5YV1,F,CYS,11,H,DT,874,True
5YV1,F,PHE,12,H,DT,874,True
5YV1,F,PHE,13,H,DT,874,True
5YV1,F,ALA,14,H,DT,874,True
5YV1,F,ARG,35,G,DT,839,True
5YV1,F,ARG,38,G,DT,839,True
5YV1,F,ARG,38,G,DA,840,True
5YV1,F,GLY,39,G,DA,840,True
5YV1,F,VAL,40,G,DA,840,True
5YV1,F,ILE,41,G,DA,840,True
5YV1,F,SER,42,G,DA,840,True
5YV1,F,SER,42,H,DT,874,True
5YV1,F,THR,43,H,DT,874,True
5YV1,F,SER,55,H,DT,874,True
5YV1,F,ALA,56,G,DA,840,True
5YV1,F,PRO,58,G,DT,839,True
5YV1,F,PRO,58,G,DC,838,True
5YV1,F,GLY,60,G,DC,838,True
5YV1,F,MET,61,G,DC,838,True
5YV1,F,SER,101,H,DC,873,True
5YV1,F,ASP,103,H,DT,874,True
5YV1,F,GLU,104,H,DC,873,True
5YV1,F,LYS,150,H,DC,873,True
5YV1,F,ILE,181,H,DC,872,True
5YV1,F,PRO,182,H,DC,872,True
5YV1,F,PRO,182,H,DC,871,True
5YV1,F,GLY,183,H,DC,871,True
5YV1,F,VAL,184,H,DC,871,True
5YV1,F,GLY,185,H,DC,871,True
5YV1,F,LYS,186,H,DC,871,True
5YV1,F,VAL,187,H,DA,870,True
5YV1,F,VAL,187,H,DC,871,True
5YV1,F,SER,188,H,DA,870,True
5YV1,F,SER,188,H,DC,871,True
5YV1,F,ALA,189,H,DC,871,True
5YV1,F,GLY,216,G,DT,847,True
5YV1,F,LYS,217,G,DT,847,True
5YV1,F,LYS,217,G,DC,846,True
5YV1,F,PHE,218,G,DT,847,True
5YV1,F,ARG,238,G,DT,844,True
5YV1,F,ARG,238,G,DC,845,True
5YV1,F,LEU,239,G,DT,844,True
5YV1,F,ARG,240,G,DT,844,True
5YV1,F,ARG,240,G,DG,843,True
5YV1,F,LYS,241,G,DT,844,True
5YV1,F,LYS,241,G,DC,845,True
5YV1,F,SER,242,G,DT,844,True
5YV1,F,SER,242,G,DG,843,True
5YV1,F,VAL,243,G,DG,843,True
5YV1,F,GLY,244,G,DG,843,True
5YV1,F,VAL,245,G,DG,842,True
5YV1,F,GLU,246,G,DG,842,True
5YV1,F,ARG,247,G,DG,841,True
5YV1,F,ARG,247,G,DG,842,True
5YV1,F,THR,248,G,DG,841,True
5YV1,F,ARG,273,G,DG,843,True
5YV1,F,ARG,273,G,DG,842,True
5YV1,F,ARG,285,H,DT,866,True
5YV1,F,ARG,285,H,DC,865,True
5YV1,F,LYS,291,G,DA,840,True
5YV1,F,PHE,295,G,DT,839,True
5YV1,F,PHE,295,G,DA,840,True
5YV1,F,GLN,297,H,DG,868,True
5YV1,F,THR,298,H,DG,868,True
5YV1,F,THR,298,H,DA,867,True
5YV1,F,THR,299,H,DG,868,True
5YV1,F,THR,299,H,DA,867,True
5YV1,F,GLN,300,H,DA,867,True
5YV1,F,GLU,301,H,DA,867,True
5YV1,F,GLU,301,H,DT,866,True
5YV1,F,HIS,302,H,DT,866,True
5YV1,F,VAL,303,H,DT,866,True
5YV1,F,ARG,323,H,DA,867,True
5YV1,F,ARG,330,G,DA,840,True
5YV1,F,ARG,330,G,DT,839,True
5YV1,F,LEU,331,G,DG,841,True
5YV1,A,ARG,35,B,DC,838,True
5YV1,A,GLY,39,B,DT,839,True
5YV1,A,THR,59,B,DC,838,True
5YV1,A,ASP,103,C,DC,873,True
5YV1,A,LYS,150,C,DC,872,True
5YV1,A,GLY,244,B,DG,842,True
5YV1,A,THR,248,B,DA,840,True
5YV1,A,HIS,255,G,DT,839,True
5YV1,A,TRP,256,H,DG,869,True
5YV1,A,TRP,256,H,DG,868,True
5YV1,A,GLU,260,H,DG,869,True
5YV1,A,GLU,260,H,DA,870,True
5YV1,A,ASP,294,B,DT,839,True
5YV1,A,GLN,297,C,DG,869,True
5YV1,A,VAL,303,C,DC,865,True
5YV1,A,TRP,304,G,DG,850,True
5YV1,A,ASN,308,G,DG,849,True
5YV1,A,ALA,310,G,DG,849,True
5YV1,A,ARG,317,H,DG,868,True
5YV1,A,ARG,330,B,DC,838,True
1P71,A,LYS,41,D,DT,1,True
1P71,A,ARG,53,C,DT,12,True
1P71,A,ARG,53,C,DT,13,True
1P71,A,GLU,54,C,DT,11,True
1P71,A,ARG,55,C,DT,11,True
1P71,A,ARG,55,C,DT,12,True
1P71,A,LYS,56,C,DT,11,True
1P71,A,LYS,56,C,DA,10,True
1P71,A,ALA,57,C,DA,10,True
1P71,A,ARG,58,C,DA,10,True
1P71,A,ARG,58,C,DA,9,True
1P71,A,ARG,58,D,DT,13,True
1P71,A,GLU,59,C,DA,9,True
1P71,A,GLY,60,D,DT,15,True
1P71,A,GLY,60,D,DG,14,True
1P71,A,GLY,60,C,DA,6,True
1P71,A,ARG,61,C,DA,6,True
1P71,A,ARG,61,D,DT,15,True
1P71,A,ASN,62,D,DT,15,True
1P71,A,ASN,62,C,DT,5,True
1P71,A,ASN,62,D,DT,16,True
1P71,A,PRO,63,C,DT,5,True
1P71,A,PRO,63,D,DT,15,True
1P71,A,LYS,64,D,DG,17,True
1P71,A,LYS,64,D,DT,16,True
1P71,A,ASN,66,C,DA,6,True
1P71,A,LYS,68,C,DC,8,True
1P71,A,MET,69,D,DT,15,True
1P71,A,ILE,71,D,DT,15,True
1P71,A,ILE,71,D,DG,14,True
1P71,A,PHE,79,C,DT,13,True
1P71,A,SER,80,C,DT,13,True
1P71,B,ARG,58,C,DG,14,True
1P71,B,ARG,61,D,DT,5,True
1P71,B,ARG,61,D,DT,7,True
1P71,B,PRO,63,C,DT,16,True
1P71,B,LYS,68,D,DA,9,True
1P71,B,MET,69,C,DT,16,True
1P71,B,VAL,76,C,DG,14,True
1P71,B,ARG,86,D,DG,14,True
